,text_id,reader_id,lang,spearman_r,spearman_p,measure,layer
0,1,du_8,du,0.11512689435741298,0.1458758379055198,Total fixation duration,First
1,1,du_8,du,-0.1169614942500117,0.13951820208785,Total fixation duration,Middle
2,1,du_8,du,-0.12802516679981368,0.10556199091735884,Total fixation duration,Last
3,1,du_8,du,0.10173682999769956,0.19908181311801715,Gaze duration,First
4,1,du_8,du,-0.12179089026915116,0.12379281657270393,Gaze duration,Middle
5,1,du_8,du,-0.12667356797791582,0.10932363801921352,Gaze duration,Last
6,1,en_99,en,0.11599091327352198,0.1428548225125669,Total fixation duration,First
7,1,en_99,en,-0.12295261099608927,0.12022274017070471,Total fixation duration,Middle
8,1,en_99,en,-0.1318064182194617,0.09557722059439741,Total fixation duration,Last
9,1,en_99,en,0.0977657004830918,0.2172775134071858,Gaze duration,First
10,1,en_99,en,-0.12425523349436395,0.11631519089706914,Gaze duration,Middle
11,1,en_99,en,-0.12642051989878078,0.1100394252186836,Gaze duration,Last
12,1,fi_9,fi,0.12111513687600647,0.12590685409255145,Total fixation duration,First
13,1,fi_9,fi,-0.1327984817115252,0.09308567129076394,Total fixation duration,Middle
14,1,fi_9,fi,-0.14118357487922706,0.07403139034300925,Total fixation duration,Last
15,1,fi_9,fi,0.1067604094778008,0.17767822645940767,Gaze duration,First
16,1,fi_9,fi,-0.12172762824936738,0.12398955463881618,Gaze duration,Middle
17,1,fi_9,fi,-0.1228864734299517,0.12042381969717127,Gaze duration,Last
18,1,ge_9,ge,0.11429721647112952,0.14882213399763586,Total fixation duration,First
19,1,ge_9,ge,-0.11792615596963424,0.13626113658464833,Total fixation duration,Middle
20,1,ge_9,ge,-0.1283758914193697,0.10460270016874507,Total fixation duration,Last
21,1,ge_9,ge,0.09792536370298403,0.21652381269477106,Gaze duration,First
22,1,ge_9,ge,-0.11931225508418015,0.1316833416352193,Gaze duration,Middle
23,1,ge_9,ge,-0.12154943175571907,0.12454502574095164,Gaze duration,Last
24,1,gr_9,gr,0.11512689435741298,0.1458758379055198,Total fixation duration,First
25,1,gr_9,gr,-0.1169614942500117,0.13951820208785,Total fixation duration,Middle
26,1,gr_9,gr,-0.12802516679981368,0.10556199091735884,Total fixation duration,Last
27,1,gr_9,gr,0.10173682999769956,0.19908181311801715,Gaze duration,First
28,1,gr_9,gr,-0.12179089026915116,0.12379281657270393,Gaze duration,Middle
29,1,gr_9,gr,-0.12667356797791582,0.10932363801921352,Gaze duration,Last
30,1,he_8,he,0.11512689435741298,0.1458758379055198,Total fixation duration,First
31,1,he_8,he,-0.1169614942500117,0.13951820208785,Total fixation duration,Middle
32,1,he_8,he,-0.12802516679981368,0.10556199091735884,Total fixation duration,Last
33,1,he_8,he,0.10173682999769956,0.19908181311801715,Gaze duration,First
34,1,he_8,he,-0.12179089026915116,0.12379281657270393,Gaze duration,Middle
35,1,he_8,he,-0.12667356797791582,0.10932363801921352,Gaze duration,Last
36,1,it_9,it,0.11630147227973316,0.14178066128745212,Total fixation duration,First
37,1,it_9,it,-0.11928341384863125,0.1317773758207285,Total fixation duration,Middle
38,1,it_9,it,-0.130578559926386,0.09873388013347117,Total fixation duration,Last
39,1,it_9,it,0.09767375321614644,0.2177124036990875,Gaze duration,First
40,1,it_9,it,-0.12120292817098842,0.12563064238657073,Gaze duration,Middle
41,1,it_9,it,-0.12280317086727559,0.12067745731582871,Gaze duration,Last
42,1,no_9,no,0.11512689435741298,0.1458758379055198,Total fixation duration,First
43,1,no_9,no,-0.1169614942500117,0.13951820208785,Total fixation duration,Middle
44,1,no_9,no,-0.12802516679981368,0.10556199091735884,Total fixation duration,Last
45,1,no_9,no,0.10173682999769956,0.19908181311801715,Gaze duration,First
46,1,no_9,no,-0.12179089026915116,0.12379281657270393,Gaze duration,Middle
47,1,no_9,no,-0.12667356797791582,0.10932363801921352,Gaze duration,Last
48,1,ru_6,ru,0.11848265936472134,0.13440879595266675,Total fixation duration,First
49,1,ru_6,ru,-0.12310654122569122,0.11975575096054973,Total fixation duration,Middle
50,1,ru_6,ru,-0.1345124040375923,0.08890310266343167,Total fixation duration,Last
51,1,ru_6,ru,0.10909535311709226,0.1683285937302815,Gaze duration,First
52,1,ru_6,ru,-0.1183833678398896,0.1347378700701077,Gaze duration,Middle
53,1,ru_6,ru,-0.12472107200368071,0.11494203573711893,Gaze duration,Last
54,1,sp_9,sp,0.11618069933287327,0.14219765802422885,Total fixation duration,First
55,1,sp_9,sp,-0.12127904301817348,0.12539154620167714,Total fixation duration,Middle
56,1,sp_9,sp,-0.1318409247757074,0.09548967901605382,Total fixation duration,Last
57,1,sp_9,sp,0.0995169082125604,0.2091125598462816,Gaze duration,First
58,1,sp_9,sp,-0.12153784219001612,0.12458121901590534,Gaze duration,Middle
59,1,sp_9,sp,-0.12432424660685532,0.11611095869709168,Gaze duration,Last
60,1,tr_52,tr,0.13145569606606805,0.09647060243885916,Total fixation duration,First
61,1,tr_52,tr,-0.1112132729564304,0.16016889915922303,Total fixation duration,Middle
62,1,tr_52,tr,-0.13497105401074197,0.08780965769606293,Total fixation duration,Last
63,1,tr_52,tr,0.0936249810393768,0.23748036307846257,Gaze duration,First
64,1,tr_52,tr,-0.09745089821351884,0.2187690297906798,Gaze duration,Middle
65,1,tr_52,tr,-0.10292594240710506,0.19385428872280003,Gaze duration,Last
66,2,du_7,du,-0.07342730906795707,0.4724258839201394,Total fixation duration,First
67,2,du_7,du,0.011278363266581232,0.9122340644582567,Total fixation duration,Middle
68,2,du_7,du,0.044418517172567236,0.6640753463039344,Total fixation duration,Last
69,2,du_7,du,-0.11231821688375442,0.27084623639196886,Gaze duration,First
70,2,du_7,du,-0.0033089149436719384,0.9742037940287908,Gaze duration,Middle
71,2,du_7,du,0.08812934733406014,0.38817989253424345,Gaze duration,Last
72,2,en_99,en,-0.09482368392530395,0.35301485440947133,Total fixation duration,First
73,2,en_99,en,-0.0039974752787713015,0.9688382531969176,Total fixation duration,Middle
74,2,en_99,en,0.07048180096780979,0.49042044412944674,Total fixation duration,Last
75,2,en_99,en,-0.11762268168748287,0.24871576707518311,Gaze duration,First
76,2,en_99,en,-0.009697224719316028,0.9244989963295434,Gaze duration,Middle
77,2,en_99,en,0.10262736772309673,0.31461673909975835,Gaze duration,Last
78,2,fi_9,fi,-0.08542611046292929,0.4029551337816797,Total fixation duration,First
79,2,fi_9,fi,-0.024769045387602086,0.808708799997278,Total fixation duration,Middle
80,2,fi_9,fi,0.08322016716714802,0.41525446774320673,Total fixation duration,Last
81,2,fi_9,fi,-0.11375308020217378,0.2647329859864878,Gaze duration,First
82,2,fi_9,fi,-0.04183017370286191,0.6825664034602099,Gaze duration,Middle
83,2,fi_9,fi,0.1255160234245149,0.21814359531731461,Gaze duration,Last
84,2,ge_9,ge,-0.09756517414838474,0.33920554301044414,Total fixation duration,First
85,2,ge_9,ge,-0.0009117048881408231,0.9928912482023786,Total fixation duration,Middle
86,2,ge_9,ge,0.07285350878870761,0.47590299483162934,Total fixation duration,Last
87,2,ge_9,ge,-0.11442215124100248,0.2619146502292191,Gaze duration,First
88,2,ge_9,ge,-0.00807783282010086,0.9370789748473058,Gaze duration,Middle
89,2,ge_9,ge,0.09626456018208594,0.34571385994367976,Gaze duration,Last
90,2,gr_77,gr,-0.09241372275245618,0.36543897130542946,Total fixation duration,First
91,2,gr_77,gr,-0.00522158254117017,0.9593030941070961,Total fixation duration,Middle
92,2,gr_77,gr,0.07074957443145954,0.4887697280359359,Total fixation duration,Last
93,2,gr_77,gr,-0.10558562694056066,0.3007955108554774,Gaze duration,First
94,2,gr_77,gr,0.0016895230444567704,0.9868268565373527,Gaze duration,Middle
95,2,gr_77,gr,0.09291101632780571,0.36285350886484036,Gaze duration,Last
96,2,he_8,he,-0.08117998839648323,0.42682151251325817,Total fixation duration,First
97,2,he_8,he,0.0004144113127912832,0.9967687157986707,Total fixation duration,Middle
98,2,he_8,he,0.060306409349119204,0.5552708542711349,Total fixation duration,Last
99,2,he_8,he,-0.10577689370031047,0.29991581733808687,Gaze duration,First
100,2,he_8,he,0.0011922294691072304,0.9907040259118858,Gaze duration,Middle
101,2,he_8,he,0.09308953197023888,0.36192815031247194,Gaze duration,Last
102,2,it_9,it,-0.07004826297904353,0.49309927493960704,Total fixation duration,First
103,2,it_9,it,-0.018049206561724967,0.8599798315712359,Total fixation duration,Middle
104,2,it_9,it,0.05004175990921204,0.6246018613979716,Total fixation duration,Last
105,2,it_9,it,-0.09488743951188722,0.352689786106819,Gaze duration,First
106,2,it_9,it,-0.03328679175512753,0.744889971043574,Gaze duration,Middle
107,2,it_9,it,0.09229896269660628,0.3660372202286484,Gaze duration,Last
108,2,no_9,no,-0.07091533895657606,0.48774933501741613,Total fixation duration,First
109,2,no_9,no,0.017386148461258917,0.8650741603561884,Total fixation duration,Middle
110,2,no_9,no,0.043933974714534356,0.6675220406780671,Total fixation duration,Last
111,2,no_9,no,-0.10830161492900814,0.28846221384211274,Gaze duration,First
112,2,no_9,no,-0.002314327792972859,0.9819559861174041,Gaze duration,Middle
113,2,no_9,no,0.08439326996028025,0.40868681435846843,Gaze duration,Last
114,2,ru_9,ru,-0.09482368392530395,0.35301485440947133,Total fixation duration,First
115,2,ru_9,ru,-0.0039974752787713015,0.9688382531969176,Total fixation duration,Middle
116,2,ru_9,ru,0.07048180096780979,0.49042044412944674,Total fixation duration,Last
117,2,ru_9,ru,-0.11762268168748287,0.24871576707518311,Gaze duration,First
118,2,ru_9,ru,-0.009697224719316028,0.9244989963295434,Gaze duration,Middle
119,2,ru_9,ru,0.10262736772309673,0.31461673909975835,Gaze duration,Last
120,2,sp_9,sp,-0.09756517414838474,0.33920554301044414,Total fixation duration,First
121,2,sp_9,sp,-0.0009117048881408231,0.9928912482023786,Total fixation duration,Middle
122,2,sp_9,sp,0.07285350878870761,0.47590299483162934,Total fixation duration,Last
123,2,sp_9,sp,-0.11442215124100248,0.2619146502292191,Gaze duration,First
124,2,sp_9,sp,-0.00807783282010086,0.9370789748473058,Gaze duration,Middle
125,2,sp_9,sp,0.09626456018208594,0.34571385994367976,Gaze duration,Last
126,2,tr_49,tr,-0.05634081186363954,0.5816149182484818,Total fixation duration,First
127,2,tr_49,tr,-0.04656070488176526,0.6489218154925761,Total fixation duration,Middle
128,2,tr_49,tr,0.0586997685672207,0.5658746603746223,Total fixation duration,Last
129,2,tr_49,tr,-0.10374946604696235,0.30932658872494223,Gaze duration,First
130,2,tr_49,tr,-0.03431963225777658,0.7372579547827176,Gaze duration,Middle
131,2,tr_49,tr,0.09305127861828891,0.3621263187958329,Gaze duration,Last
132,3,du_8,du,-0.06440173200885597,0.5098721667521623,Total fixation duration,First
133,3,du_8,du,0.05154881561159114,0.5979763284364301,Total fixation duration,Middle
134,3,du_8,du,-0.08799153588432375,0.3674551015929155,Total fixation duration,Last
135,3,du_8,du,-0.04303092495684097,0.6598710664253067,Gaze duration,First
136,3,du_8,du,0.0406895724093885,0.6773185545559366,Gaze duration,Middle
137,3,du_8,du,-0.0472580949326809,0.628833007237958,Gaze duration,Last
138,3,en_99,en,-0.0653128000156743,0.5038912236505768,Total fixation duration,First
139,3,en_99,en,0.0522149728638884,0.5932470816578774,Total fixation duration,Middle
140,3,en_99,en,-0.07730363055702502,0.4286942009878161,Total fixation duration,Last
141,3,en_99,en,-0.05287133368600482,0.5886039688077485,Gaze duration,First
142,3,en_99,en,0.06714473245949176,0.49197640897948547,Gaze duration,Middle
143,3,en_99,en,-0.044485589451203976,0.6491214519149612,Gaze duration,Last
144,3,fi_9,fi,-0.04857070083661514,0.6193220214394337,Total fixation duration,First
145,3,fi_9,fi,0.05081408334802798,0.6032118880167743,Total fixation duration,Middle
146,3,fi_9,fi,-0.09613236936460354,0.3246217187383911,Total fixation duration,Last
147,3,fi_9,fi,-0.05232273359587766,0.5924836459260132,Gaze duration,First
148,3,fi_9,fi,0.08210388134563765,0.4004966893225731,Gaze duration,Middle
149,3,fi_9,fi,-0.03924449930445346,0.6881736031007851,Gaze duration,Last
150,3,ge_9,ge,-0.07887105938595976,0.41936405172597546,Total fixation duration,First
151,3,ge_9,ge,0.06050275279688081,0.5358755278011027,Total fixation duration,Middle
152,3,ge_9,ge,-0.07803836282058818,0.42430595945597127,Total fixation duration,Last
153,3,ge_9,ge,-0.06712040576933317,0.4921336465989651,Gaze duration,First
154,3,ge_9,ge,0.06135029426117623,0.5301675509785657,Gaze duration,Middle
155,3,ge_9,ge,-0.03517416870974104,0.7190847841496526,Gaze duration,Last
156,3,gr_9,gr,-0.07439409079331491,0.446325047816889,Total fixation duration,First
157,3,gr_9,gr,0.04454436803228903,0.6486885840030074,Total fixation duration,Middle
158,3,gr_9,gr,-0.0818589705911166,0.4019081835559968,Total fixation duration,Last
159,3,gr_9,gr,-0.05470326612982229,0.5757331859028055,Gaze duration,First
160,3,gr_9,gr,0.03277885538509767,0.7374933126544387,Gaze duration,Middle
161,3,gr_9,gr,-0.04546523246928819,0.6419223339101333,Gaze duration,Last
162,3,he_8,he,-0.07100452595074355,0.46736824648678976,Total fixation duration,First
163,3,he_8,he,0.05014792609573072,0.6079762821181909,Total fixation duration,Middle
164,3,he_8,he,-0.08164344912713807,0.40315272838392935,Total fixation duration,Last
165,3,he_8,he,-0.04454937535372438,0.6486517135804232,Gaze duration,First
166,3,he_8,he,0.04059650609474081,0.6780156896527856,Gaze duration,Middle
167,3,he_8,he,-0.04657724136762673,0.6337905395219663,Gaze duration,Last
168,3,it_9,it,-0.04277121416955662,0.6617976492400035,Total fixation duration,First
169,3,it_9,it,0.05763239875389409,0.5554303863542172,Total fixation duration,Middle
170,3,it_9,it,-0.09208644369991575,0.3454928235786795,Total fixation duration,Last
171,3,it_9,it,-0.03403279844824546,0.7278371969078958,Gaze duration,First
172,3,it_9,it,0.0784400164580027,0.4219180386111713,Gaze duration,Middle
173,3,it_9,it,-0.05055937616332609,0.6050316137804645,Gaze duration,Last
174,3,no_8,no,-0.03809831697329494,0.6968288444024412,Total fixation duration,First
175,3,no_8,no,0.03767707047551872,0.7000197027304407,Total fixation duration,Middle
176,3,no_8,no,-0.11706734066106311,0.22980364360673888,Total fixation duration,Last
177,3,no_8,no,-0.024157996825956624,0.8049134936309139,Gaze duration,First
178,3,no_8,no,0.04265365700738651,0.6626704371796471,Gaze duration,Middle
179,3,no_8,no,-0.05247947647877114,0.5913739875329178,Gaze duration,Last
180,3,ru_9,ru,-0.08218225278708438,0.40004563199990795,Total fixation duration,First
181,3,ru_9,ru,0.051039401242187345,0.6016041563626119,Total fixation duration,Middle
182,3,ru_9,ru,-0.07207233684045533,0.460681178685296,Total fixation duration,Last
183,3,ru_9,ru,-0.061227838584008216,0.5309903736856552,Gaze duration,First
184,3,ru_9,ru,0.05337108233690828,0.585079866389834,Gaze duration,Middle
185,3,ru_9,ru,-0.04320726113196292,0.6585642369444029,Gaze duration,Last
186,3,sp_9,sp,-0.06440173200885597,0.5098721667521623,Total fixation duration,First
187,3,sp_9,sp,0.05154881561159114,0.5979763284364301,Total fixation duration,Middle
188,3,sp_9,sp,-0.08799153588432375,0.3674551015929155,Total fixation duration,Last
189,3,sp_9,sp,-0.04303092495684097,0.6598710664253067,Gaze duration,First
190,3,sp_9,sp,0.0406895724093885,0.6773185545559366,Gaze duration,Middle
191,3,sp_9,sp,-0.0472580949326809,0.628833007237958,Gaze duration,Last
192,3,tr_48,tr,-0.01882873880757852,0.8473541590311165,Total fixation duration,First
193,3,tr_48,tr,0.034640177119457674,0.7231751731559326,Total fixation duration,Middle
194,3,tr_48,tr,-0.14698563843335488,0.1308415855466045,Total fixation duration,Last
195,3,tr_48,tr,-0.00787632986539705,0.9358255330257547,Gaze duration,First
196,3,tr_48,tr,0.030045651364642725,0.7586808236761674,Gaze duration,Middle
197,3,tr_48,tr,-0.06857501126589471,0.48277856303804323,Gaze duration,Last
198,4,du_8,du,0.0883356978652154,0.295846205776077,Total fixation duration,First
199,4,du_8,du,0.0794797051914223,0.3471010097600794,Total fixation duration,Middle
200,4,du_8,du,0.07906477699705151,0.34963203385870967,Total fixation duration,Last
201,4,du_8,du,0.03033795691871808,0.7200397579898288,Gaze duration,First
202,4,du_8,du,0.03220303819644545,0.7036111009649724,Gaze duration,Middle
203,4,du_8,du,0.04153682697284736,0.6235640476999316,Gaze duration,Last
204,4,en_99,en,0.06459258452066365,0.4450435022949054,Total fixation duration,First
205,4,en_99,en,0.10193612201403632,0.22738599907779752,Total fixation duration,Middle
206,4,en_99,en,0.09815985632587372,0.24516234242741805,Total fixation duration,Last
207,4,en_99,en,0.02896324532524713,0.7322318793195575,Gaze duration,First
208,4,en_99,en,0.04497360595652475,0.5951038288884334,Gaze duration,Middle
209,4,en_99,en,0.04875406283856988,0.5644938652245782,Gaze duration,Last
210,4,fi_9,fi,0.03360708814709414,0.6913326519520816,Total fixation duration,First
211,4,fi_9,fi,0.11922060558560409,0.15760691563991752,Total fixation duration,Middle
212,4,fi_9,fi,0.11142079377020941,0.18679793121944402,Total fixation duration,Last
213,4,fi_9,fi,0.018686437925275204,0.8253059960902212,Gaze duration,First
214,4,fi_9,fi,0.0739096085215354,0.38203849377817356,Gaze duration,Middle
215,4,fi_9,fi,0.07469755297145168,0.3769706797680865,Gaze duration,Last
216,4,ge_9,ge,0.06459258452066365,0.4450435022949054,Total fixation duration,First
217,4,ge_9,ge,0.10193612201403632,0.22738599907779752,Total fixation duration,Middle
218,4,ge_9,ge,0.09815985632587372,0.24516234242741805,Total fixation duration,Last
219,4,ge_9,ge,0.02896324532524713,0.7322318793195575,Gaze duration,First
220,4,ge_9,ge,0.04497360595652475,0.5951038288884334,Gaze duration,Middle
221,4,ge_9,ge,0.04875406283856988,0.5644938652245782,Gaze duration,Last
222,4,gr_9,gr,0.07780741883229148,0.3573723385935502,Total fixation duration,First
223,4,gr_9,gr,0.08765253326236246,0.2996117078288812,Total fixation duration,Middle
224,4,gr_9,gr,0.0844211227789292,0.31784962484602974,Total fixation duration,Last
225,4,gr_9,gr,0.02651558809784762,0.7541043849998276,Gaze duration,First
226,4,gr_9,gr,0.03185936029807771,0.7066284027621916,Gaze duration,Middle
227,4,gr_9,gr,0.03855688812236611,0.6487015120288345,Gaze duration,Last
228,4,he_8,he,0.0883356978652154,0.295846205776077,Total fixation duration,First
229,4,he_8,he,0.0794797051914223,0.3471010097600794,Total fixation duration,Middle
230,4,he_8,he,0.07906477699705151,0.34963203385870967,Total fixation duration,Last
231,4,he_8,he,0.03033795691871808,0.7200397579898288,Gaze duration,First
232,4,he_8,he,0.03220303819644545,0.7036111009649724,Gaze duration,Middle
233,4,he_8,he,0.04153682697284736,0.6235640476999316,Gaze duration,Last
234,4,it_9,it,0.06459258452066365,0.4450435022949054,Total fixation duration,First
235,4,it_9,it,0.10193612201403632,0.22738599907779752,Total fixation duration,Middle
236,4,it_9,it,0.09815985632587372,0.24516234242741805,Total fixation duration,Last
237,4,it_9,it,0.02896324532524713,0.7322318793195575,Gaze duration,First
238,4,it_9,it,0.04497360595652475,0.5951038288884334,Gaze duration,Middle
239,4,it_9,it,0.04875406283856988,0.5644938652245782,Gaze duration,Last
240,4,no_9,no,0.07906058580316896,0.3496576587315088,Total fixation duration,First
241,4,no_9,no,0.08957629125444529,0.28908869720454816,Total fixation duration,Middle
242,4,no_9,no,0.08820157966097432,0.29658296202208073,Total fixation duration,Last
243,4,no_9,no,0.02387513595185157,0.7779200162400708,Gaze duration,First
244,4,no_9,no,0.035970921496842986,0.6708425414642691,Gaze duration,Middle
245,4,no_9,no,0.0460968459170437,0.5859310596706173,Gaze duration,Last
246,4,ru_9,ru,0.07869603439301623,0.3518910292990356,Total fixation duration,First
247,4,ru_9,ru,0.08454694718361357,0.3171262884582356,Total fixation duration,Middle
248,4,ru_9,ru,0.0860536829631406,0.3085474342940139,Total fixation duration,Last
249,4,ru_9,ru,0.020626982305820014,0.8075001581794715,Gaze duration,First
250,4,ru_9,ru,0.03572996528641991,0.672920454906622,Gaze duration,Middle
251,4,ru_9,ru,0.04557928123047701,0.5901496116461902,Gaze duration,Last
252,4,sp_9,sp,0.06459258452066365,0.4450435022949054,Total fixation duration,First
253,4,sp_9,sp,0.10193612201403632,0.22738599907779752,Total fixation duration,Middle
254,4,sp_9,sp,0.09815985632587372,0.24516234242741805,Total fixation duration,Last
255,4,sp_9,sp,0.02896324532524713,0.7322318793195575,Gaze duration,First
256,4,sp_9,sp,0.04497360595652475,0.5951038288884334,Gaze duration,Middle
257,4,sp_9,sp,0.04875406283856988,0.5644938652245782,Gaze duration,Last
258,4,tr_49,tr,0.10746430674509788,0.2030336064709757,Total fixation duration,First
259,4,tr_49,tr,0.07028003461926147,0.40591185698763477,Total fixation duration,Middle
260,4,tr_49,tr,0.06585413387930619,0.4361846003905121,Total fixation duration,Last
261,4,tr_49,tr,0.04621000815187211,0.5850105474676023,Gaze duration,First
262,4,tr_49,tr,0.05203576764859354,0.5385455145698328,Gaze duration,Middle
263,4,tr_49,tr,0.05605093138806055,0.5076242440867109,Gaze duration,Last
264,5,du_6,du,0.2687670438487993,0.00019972696171242463,Total fixation duration,First
265,5,du_6,du,-0.2313448995995728,0.0014439857366020904,Total fixation duration,Middle
266,5,du_6,du,-0.21264300316744905,0.0034796736686667586,Total fixation duration,Last
267,5,du_6,du,0.18855047390181512,0.009757045085250899,Gaze duration,First
268,5,du_6,du,-0.17414921793244942,0.017138130841393838,Gaze duration,Middle
269,5,du_6,du,-0.1636256113881579,0.02524413193949422,Gaze duration,Last
270,5,en_99,en,0.25967129901717256,0.00033207142964840314,Total fixation duration,First
271,5,en_99,en,-0.20973532244088586,0.003964534758872827,Total fixation duration,Middle
272,5,en_99,en,-0.19942092178133566,0.006213540189537785,Total fixation duration,Last
273,5,en_99,en,0.1827918066534087,0.01227933401543775,Gaze duration,First
274,5,en_99,en,-0.15435540501297462,0.0349201450907961,Gaze duration,Middle
275,5,en_99,en,-0.15142285234791614,0.03857084088408275,Gaze duration,Last
276,5,fi_9,fi,0.23044568173560062,0.0015088091814589233,Total fixation duration,First
277,5,fi_9,fi,-0.20395178724138313,0.005113619336163009,Total fixation duration,Middle
278,5,fi_9,fi,-0.19803346558564777,0.006590261989421718,Total fixation duration,Last
279,5,fi_9,fi,0.16424122528527227,0.024692414992785634,Gaze duration,First
280,5,fi_9,fi,-0.16080768115569682,0.027906672604622994,Gaze duration,Middle
281,5,fi_9,fi,-0.16478626141914932,0.02421262863430441,Gaze duration,Last
282,5,ge_9,ge,0.23847074238692798,0.0010136115941343218,Total fixation duration,First
283,5,ge_9,ge,-0.20645858642951787,0.0045831928596993836,Total fixation duration,Middle
284,5,ge_9,ge,-0.19540187697965566,0.007361146654159103,Total fixation duration,Last
285,5,ge_9,ge,0.15865689883615516,0.030097184231514106,Gaze duration,First
286,5,ge_9,ge,-0.15560689865264132,0.03345370488092323,Gaze duration,Middle
287,5,ge_9,ge,-0.15601796967617146,0.032983577453205244,Gaze duration,Last
288,5,gr_9,gr,0.25719569604773335,0.00038016468417728086,Total fixation duration,First
289,5,gr_9,gr,-0.21498198581347797,0.003129224552428049,Total fixation duration,Middle
290,5,gr_9,gr,-0.20036234826267174,0.0059689962109360905,Total fixation duration,Last
291,5,gr_9,gr,0.1761183224440938,0.015904027749042877,Gaze duration,First
292,5,gr_9,gr,-0.15937726381643677,0.029347730725751635,Gaze duration,Middle
293,5,gr_9,gr,-0.15407554626364958,0.03525541551903263,Gaze duration,Last
294,5,he_7,he,0.23847074238692798,0.0010136115941343218,Total fixation duration,First
295,5,he_7,he,-0.20645858642951787,0.0045831928596993836,Total fixation duration,Middle
296,5,he_7,he,-0.19540187697965566,0.007361146654159103,Total fixation duration,Last
297,5,he_7,he,0.15865689883615516,0.030097184231514106,Gaze duration,First
298,5,he_7,he,-0.15560689865264132,0.03345370488092323,Gaze duration,Middle
299,5,he_7,he,-0.15601796967617146,0.032983577453205244,Gaze duration,Last
300,5,it_9,it,0.2606274066132273,0.00031505840887695606,Total fixation duration,First
301,5,it_9,it,-0.20918386306926504,0.004063077061595553,Total fixation duration,Middle
302,5,it_9,it,-0.20688626861578993,0.004497803845787614,Total fixation duration,Last
303,5,it_9,it,0.18522061356968206,0.0111529762591025,Gaze duration,First
304,5,it_9,it,-0.15143661589296492,0.038552983010187246,Gaze duration,Middle
305,5,it_9,it,-0.1602627185479078,0.028448390875736664,Gaze duration,Last
306,5,no_9,no,0.2687670438487993,0.00019972696171242463,Total fixation duration,First
307,5,no_9,no,-0.2313448995995728,0.0014439857366020904,Total fixation duration,Middle
308,5,no_9,no,-0.21264300316744905,0.0034796736686667586,Total fixation duration,Last
309,5,no_9,no,0.18855047390181512,0.009757045085250899,Gaze duration,First
310,5,no_9,no,-0.17414921793244942,0.017138130841393838,Gaze duration,Middle
311,5,no_9,no,-0.1636256113881579,0.02524413193949422,Gaze duration,Last
312,5,ru_8,ru,0.25888310667071285,0.0003467335949169034,Total fixation duration,First
313,5,ru_8,ru,-0.2020690278487195,0.005547512740352717,Total fixation duration,Middle
314,5,ru_8,ru,-0.18914322390858224,0.009525438984816136,Total fixation duration,Last
315,5,ru_8,ru,0.17880588400728412,0.014345088127479899,Gaze duration,First
316,5,ru_8,ru,-0.14835266423236995,0.04273241228972332,Gaze duration,Middle
317,5,ru_8,ru,-0.14805537165931648,0.04315466694338692,Gaze duration,Last
318,5,sp_8,sp,0.2577664243824224,0.00036853669513834406,Total fixation duration,First
319,5,sp_8,sp,-0.2027856497609256,0.005378622789852814,Total fixation duration,Middle
320,5,sp_8,sp,-0.19046819451194408,0.009025233645054528,Total fixation duration,Last
321,5,sp_8,sp,0.17881047185563373,0.014342545529149202,Gaze duration,First
322,5,sp_8,sp,-0.14784433063523528,0.04345653353016069,Gaze duration,Middle
323,5,sp_8,sp,-0.14855361199008202,0.042448966361795626,Gaze duration,Last
324,5,tr_48,tr,0.2888483119005469,6.091126201357139e-05,Total fixation duration,First
325,5,tr_48,tr,-0.2655172571995961,0.00024000839091298614,Total fixation duration,Middle
326,5,tr_48,tr,-0.2365468167200618,0.0011163923610890806,Total fixation duration,Last
327,5,tr_48,tr,0.18106777631483945,0.013138373924875792,Gaze duration,First
328,5,tr_48,tr,-0.19114728376321893,0.008777993825470683,Gaze duration,Middle
329,5,tr_48,tr,-0.17988869874805133,0.01375581598269155,Gaze duration,Last
330,6,du_8,du,0.03647553060468912,0.6609420057696157,Total fixation duration,First
331,6,du_8,du,-0.0003664553566706209,0.9964852457127671,Total fixation duration,Middle
332,6,du_8,du,-0.002874974499240644,0.9724308272315447,Total fixation duration,Last
333,6,du_8,du,0.08324211293828462,0.3161591213452459,Gaze duration,First
334,6,du_8,du,-0.052355941824236064,0.5288286036739773,Gaze duration,Middle
335,6,du_8,du,-0.060861869811916366,0.4639911289556242,Gaze duration,Last
336,6,en_99,en,0.054399782393338904,0.5128434744588557,Total fixation duration,First
337,6,en_99,en,0.008898828947359964,0.9148099092401407,Total fixation duration,Middle
338,6,en_99,en,-0.002045729516024377,0.9803808503372707,Total fixation duration,Last
339,6,en_99,en,0.08876539373685828,0.28500311849322724,Gaze duration,First
340,6,en_99,en,-0.0522652723720023,0.5295435097064062,Gaze duration,Middle
341,6,en_99,en,-0.06186112273340934,0.45667282230990514,Gaze duration,Last
342,6,fi_9,fi,0.06219162970630681,0.45426646729924214,Total fixation duration,First
343,6,fi_9,fi,-0.0156820225313376,0.8504667982831743,Total fixation duration,Middle
344,6,fi_9,fi,-0.026460343485783803,0.7503851283169383,Total fixation duration,Last
345,6,fi_9,fi,0.0728528360622294,0.3805305515088132,Gaze duration,First
346,6,fi_9,fi,-0.05247111802884797,0.5279211695434449,Gaze duration,Middle
347,6,fi_9,fi,-0.06261475341710175,0.45119613937832415,Gaze duration,Last
348,6,ge_9,ge,0.06207451510778322,0.4551183450417846,Total fixation duration,First
349,6,ge_9,ge,-0.009342722649963353,0.9105776673456771,Total fixation duration,Middle
350,6,ge_9,ge,-0.021156185539747185,0.7992299338126112,Total fixation duration,Last
351,6,ge_9,ge,0.08706525927660959,0.29436627737416593,Gaze duration,First
352,6,ge_9,ge,-0.05267512410369553,0.5263158049175485,Gaze duration,Middle
353,6,ge_9,ge,-0.06364611746216443,0.4437611162292061,Gaze duration,Last
354,6,gr_9,gr,0.05057083922054568,0.5429925225857488,Total fixation duration,First
355,6,gr_9,gr,0.003282986648935768,0.9685201356029518,Total fixation duration,Middle
356,6,gr_9,gr,-0.005606389168033003,0.9462679658833539,Total fixation duration,Last
357,6,gr_9,gr,0.08046528496626344,0.3326283605374234,Gaze duration,First
358,6,gr_9,gr,-0.05499097084224285,0.5082666249443513,Gaze duration,Middle
359,6,gr_9,gr,-0.06290942885854824,0.44906475856017203,Gaze duration,Last
360,6,he_8,he,0.03647553060468912,0.6609420057696157,Total fixation duration,First
361,6,he_8,he,-0.0003664553566706209,0.9964852457127671,Total fixation duration,Middle
362,6,he_8,he,-0.002874974499240644,0.9724308272315447,Total fixation duration,Last
363,6,he_8,he,0.08324211293828462,0.3161591213452459,Gaze duration,First
364,6,he_8,he,-0.052355941824236064,0.5288286036739773,Gaze duration,Middle
365,6,he_8,he,-0.060861869811916366,0.4639911289556242,Gaze duration,Last
366,6,it_9,it,0.05057083922054568,0.5429925225857488,Total fixation duration,First
367,6,it_9,it,0.003282986648935768,0.9685201356029518,Total fixation duration,Middle
368,6,it_9,it,-0.005606389168033003,0.9462679658833539,Total fixation duration,Last
369,6,it_9,it,0.08046528496626344,0.3326283605374234,Gaze duration,First
370,6,it_9,it,-0.05499097084224285,0.5082666249443513,Gaze duration,Middle
371,6,it_9,it,-0.06290942885854824,0.44906475856017203,Gaze duration,Last
372,6,no_9,no,0.03647553060468912,0.6609420057696157,Total fixation duration,First
373,6,no_9,no,-0.0003664553566706209,0.9964852457127671,Total fixation duration,Middle
374,6,no_9,no,-0.002874974499240644,0.9724308272315447,Total fixation duration,Last
375,6,no_9,no,0.08324211293828462,0.3161591213452459,Gaze duration,First
376,6,no_9,no,-0.052355941824236064,0.5288286036739773,Gaze duration,Middle
377,6,no_9,no,-0.060861869811916366,0.4639911289556242,Gaze duration,Last
378,6,ru_9,ru,0.009382408220721507,0.9101994113308307,Total fixation duration,First
379,6,ru_9,ru,0.020366644943792887,0.8065727183368125,Total fixation duration,Middle
380,6,ru_9,ru,0.020581985096231433,0.8045683362504579,Total fixation duration,Last
381,6,ru_9,ru,0.065689956100915,0.42923375034871447,Gaze duration,First
382,6,ru_9,ru,-0.043978420690749455,0.5968650478211619,Gaze duration,Middle
383,6,ru_9,ru,-0.05054817187889595,0.5431735719514764,Gaze duration,Last
384,6,sp_8,sp,0.017780657372426095,0.8307376946188408,Total fixation duration,First
385,6,sp_8,sp,0.047095224647756014,0.5710952803830006,Total fixation duration,Middle
386,6,sp_8,sp,0.04510427459245621,0.5874961476788191,Total fixation duration,Last
387,6,sp_8,sp,0.061026265831860216,0.46278270610076166,Gaze duration,First
388,6,sp_8,sp,-0.024314547738499545,0.77003829915979,Gaze duration,Middle
389,6,sp_8,sp,-0.03171167086963412,0.7029827139013392,Gaze duration,Last
390,6,tr_47,tr,-0.00016811627601677706,0.998387555580023,Total fixation duration,First
391,6,tr_47,tr,0.09526148220002342,0.2510774020694805,Total fixation duration,Middle
392,6,tr_47,tr,0.07535198164702532,0.36436161916732934,Total fixation duration,Last
393,6,tr_47,tr,0.03977744427372237,0.632402428455936,Gaze duration,First
394,6,tr_47,tr,0.01988116634917504,0.8110961397421019,Gaze duration,Middle
395,6,tr_47,tr,-9.444734607684105e-05,0.9990941319307199,Gaze duration,Last
396,7,du_8,du,0.03956204667162994,0.6053045030981095,Total fixation duration,First
397,7,du_8,du,-0.14878036626684676,0.05074848874253937,Total fixation duration,Middle
398,7,du_8,du,-0.09855456396463777,0.19704081672393256,Total fixation duration,Last
399,7,du_8,du,0.003801029986418271,0.9604152619185788,Gaze duration,First
400,7,du_8,du,-0.12696599005242643,0.09598981672992346,Gaze duration,Middle
401,7,du_8,du,-0.08329354612920721,0.2759300686383646,Gaze duration,Last
402,7,en_99,en,0.03956204667162994,0.6053045030981095,Total fixation duration,First
403,7,en_99,en,-0.14878036626684676,0.05074848874253937,Total fixation duration,Middle
404,7,en_99,en,-0.09855456396463777,0.19704081672393256,Total fixation duration,Last
405,7,en_99,en,0.003801029986418271,0.9604152619185788,Gaze duration,First
406,7,en_99,en,-0.12696599005242643,0.09598981672992346,Gaze duration,Middle
407,7,en_99,en,-0.08329354612920721,0.2759300686383646,Gaze duration,Last
408,7,fi_9,fi,0.05177976276010402,0.49867682683503145,Total fixation duration,First
409,7,fi_9,fi,-0.17095827674279543,0.0245197574548614,Total fixation duration,Middle
410,7,fi_9,fi,-0.1308365510751816,0.0861997789436785,Total fixation duration,Last
411,7,fi_9,fi,0.011806376810924387,0.8774770854558784,Gaze duration,First
412,7,fi_9,fi,-0.13085169195185778,0.08616311497998451,Gaze duration,Middle
413,7,fi_9,fi,-0.08985848687631409,0.23970851787201589,Gaze duration,Last
414,7,ge_9,ge,0.03696387918512516,0.6292204540718193,Total fixation duration,First
415,7,ge_9,ge,-0.14393280516757379,0.058856276842372476,Total fixation duration,Middle
416,7,ge_9,ge,-0.09648943388378459,0.2066364043874102,Total fixation duration,Last
417,7,ge_9,ge,-0.00011356735935030202,0.9988168043703838,Gaze duration,First
418,7,ge_9,ge,-0.1261408884212283,0.09818672454415286,Gaze duration,Middle
419,7,ge_9,ge,-0.08368755533511642,0.27365703961824306,Gaze duration,Last
420,7,gr_9,gr,0.0378909821618174,0.6206404745618179,Total fixation duration,First
421,7,gr_9,gr,-0.15101810937950144,0.04733137779996893,Total fixation duration,Middle
422,7,gr_9,gr,-0.09884080039593018,0.19573677018614177,Total fixation duration,Last
423,7,gr_9,gr,0.005461666068893468,0.9431456690949283,Gaze duration,First
424,7,gr_9,gr,-0.13057356764535782,0.08683859403888111,Gaze duration,Middle
425,7,gr_9,gr,-0.08310122507964153,0.27704418674094183,Gaze duration,Last
426,7,he_8,he,0.040886567067319954,0.5932698703275541,Total fixation duration,First
427,7,he_8,he,-0.13817902851236033,0.06983297553989098,Total fixation duration,Middle
428,7,he_8,he,-0.09084925207781915,0.2345449431307048,Total fixation duration,Last
429,7,he_8,he,0.00780601767942484,0.9188127495533611,Gaze duration,First
430,7,he_8,he,-0.11949140364620757,0.11737535192562541,Gaze duration,Middle
431,7,he_8,he,-0.07787476069734996,0.3084857914261253,Gaze duration,Last
432,7,it_9,it,0.03722346187119182,0.6268130450754946,Total fixation duration,First
433,7,it_9,it,-0.14244715783035303,0.061544622023960834,Total fixation duration,Middle
434,7,it_9,it,-0.09147624325912235,0.23131787901999104,Total fixation duration,Last
435,7,it_9,it,0.0012863241722330127,0.9865991181691569,Gaze duration,First
436,7,it_9,it,-0.12783281030542668,0.09372402104891193,Gaze duration,Middle
437,7,it_9,it,-0.08249857461375511,0.2805550041155077,Gaze duration,Last
438,7,no_9,no,0.0378909821618174,0.6206404745618179,Total fixation duration,First
439,7,no_9,no,-0.15101810937950144,0.04733137779996893,Total fixation duration,Middle
440,7,no_9,no,-0.09884080039593018,0.19573677018614177,Total fixation duration,Last
441,7,no_9,no,0.005461666068893468,0.9431456690949283,Gaze duration,First
442,7,no_9,no,-0.13057356764535782,0.08683859403888111,Gaze duration,Middle
443,7,no_9,no,-0.08310122507964153,0.27704418674094183,Gaze duration,Last
444,7,ru_8,ru,0.03956204667162994,0.6053045030981095,Total fixation duration,First
445,7,ru_8,ru,-0.14878036626684676,0.05074848874253937,Total fixation duration,Middle
446,7,ru_8,ru,-0.09855456396463777,0.19704081672393256,Total fixation duration,Last
447,7,ru_8,ru,0.003801029986418271,0.9604152619185788,Gaze duration,First
448,7,ru_8,ru,-0.12696599005242643,0.09598981672992346,Gaze duration,Middle
449,7,ru_8,ru,-0.08329354612920721,0.2759300686383646,Gaze duration,Last
450,7,sp_8,sp,0.04352642874691167,0.5696140567998884,Total fixation duration,First
451,7,sp_8,sp,-0.14183404332247107,0.06268306938969086,Total fixation duration,Middle
452,7,sp_8,sp,-0.09581145037106398,0.20985878313276934,Total fixation duration,Last
453,7,sp_8,sp,0.008256824917661512,0.9141415736072913,Gaze duration,First
454,7,sp_8,sp,-0.11909064834924953,0.11861903043162507,Gaze duration,Middle
455,7,sp_8,sp,-0.07935127430343218,0.299375252978083,Gaze duration,Last
456,7,tr_52,tr,0.08907051961768502,0.24387149613489625,Total fixation duration,First
457,7,tr_52,tr,-0.2028466039265584,0.0074379369619310175,Total fixation duration,Middle
458,7,tr_52,tr,-0.1550173074539557,0.041702166923318275,Total fixation duration,Last
459,7,tr_52,tr,0.012623381589906923,0.869071848911123,Gaze duration,First
460,7,tr_52,tr,-0.10408118921471593,0.17296005902178707,Gaze duration,Middle
461,7,tr_52,tr,-0.06483200982716818,0.39674879545972674,Gaze duration,Last
462,8,du_8,du,0.004779594142578108,0.9564563666025464,Total fixation duration,First
463,8,du_8,du,-0.04707670687497691,0.5905157688548863,Total fixation duration,Middle
464,8,du_8,du,-0.07550177449452494,0.3877287967474078,Total fixation duration,Last
465,8,du_8,du,0.07187235388335152,0.4110129922052489,Gaze duration,First
466,8,du_8,du,-0.04164413748074392,0.6341194167592423,Gaze duration,Middle
467,8,du_8,du,-0.07638159169973781,0.38220646902549105,Gaze duration,Last
468,8,en_99,en,0.004779594142578108,0.9564563666025464,Total fixation duration,First
469,8,en_99,en,-0.04707670687497691,0.5905157688548863,Total fixation duration,Middle
470,8,en_99,en,-0.07550177449452494,0.3877287967474078,Total fixation duration,Last
471,8,en_99,en,0.07187235388335152,0.4110129922052489,Gaze duration,First
472,8,en_99,en,-0.04164413748074392,0.6341194167592423,Gaze duration,Middle
473,8,en_99,en,-0.07638159169973781,0.38220646902549105,Gaze duration,Last
474,8,fi_9,fi,0.05816610726272941,0.5060276784708206,Total fixation duration,First
475,8,fi_9,fi,-0.05400883484151355,0.5369499930338137,Total fixation duration,Middle
476,8,fi_9,fi,-0.09978474000469285,0.25313582238738463,Total fixation duration,Last
477,8,fi_9,fi,0.0929086624294794,0.2874811650669287,Gaze duration,First
478,8,fi_9,fi,-0.055753358974097396,0.5238605283243231,Gaze duration,Middle
479,8,fi_9,fi,-0.09994797033288784,0.2523563986770549,Gaze duration,Last
480,8,ge_9,ge,0.03320716989216596,0.704351123198808,Total fixation duration,First
481,8,ge_9,ge,-0.04085349057854949,0.6405763504778357,Total fixation duration,Middle
482,8,ge_9,ge,-0.07151018659266892,0.41338061907731116,Total fixation duration,Last
483,8,ge_9,ge,0.08768019097948397,0.3155875013570837,Gaze duration,First
484,8,ge_9,ge,-0.054722967527366585,0.5315721416386975,Gaze duration,Middle
485,8,ge_9,ge,-0.0843441711469991,0.3344226199248326,Gaze duration,Last
486,8,gr_9,gr,0.013731751359402574,0.8753434969970358,Total fixation duration,First
487,8,gr_9,gr,-0.05222350312688097,0.5505118246409704,Total fixation duration,Middle
488,8,gr_9,gr,-0.08022260536007589,0.3586609143770292,Total fixation duration,Last
489,8,gr_9,gr,0.07227532875608288,0.4083879680253818,Gaze duration,First
490,8,gr_9,gr,-0.04819375439956743,0.5817218628477504,Gaze duration,Middle
491,8,gr_9,gr,-0.08330357780475613,0.3404413976007832,Gaze duration,Last
492,8,he_7,he,0.01661888778935126,0.8494170090175701,Total fixation duration,First
493,8,he_7,he,-0.04247559196498709,0.6273588028442383,Total fixation duration,Middle
494,8,he_7,he,-0.07257628467369237,0.4064339608584059,Total fixation duration,Last
495,8,he_7,he,0.07383621876944735,0.39831371395673,Gaze duration,First
496,8,he_7,he,-0.045934034543618205,0.5995734676611784,Gaze duration,Middle
497,8,he_7,he,-0.08429316166943818,0.3347160680427369,Gaze duration,Last
498,8,it_9,it,0.03158514906292872,0.7181671660723586,Total fixation duration,First
499,8,it_9,it,-0.053975816345184134,0.537199294701689,Total fixation duration,Middle
500,8,it_9,it,-0.08005192778085785,0.359687631364189,Total fixation duration,Last
501,8,it_9,it,0.08272717070831762,0.3438046677105079,Gaze duration,First
502,8,it_9,it,-0.056370573652584646,0.5192685075064467,Gaze duration,Middle
503,8,it_9,it,-0.08669060711480192,0.3211013986251362,Gaze duration,Last
504,8,no_9,no,0.01661888778935126,0.8494170090175701,Total fixation duration,First
505,8,no_9,no,-0.04247559196498709,0.6273588028442383,Total fixation duration,Middle
506,8,no_9,no,-0.07257628467369237,0.4064339608584059,Total fixation duration,Last
507,8,no_9,no,0.07383621876944735,0.39831371395673,Gaze duration,First
508,8,no_9,no,-0.045934034543618205,0.5995734676611784,Gaze duration,Middle
509,8,no_9,no,-0.08429316166943818,0.3347160680427369,Gaze duration,Last
510,8,ru_9,ru,0.05074932922537007,0.5618342128490699,Total fixation duration,First
511,8,ru_9,ru,-0.07679476846798136,0.37962962832066893,Total fixation duration,Middle
512,8,ru_9,ru,-0.11525081360116708,0.1865022151137499,Total fixation duration,Last
513,8,ru_9,ru,0.08660389100294835,0.3215875218138126,Gaze duration,First
514,8,ru_9,ru,-0.0663684312545271,0.4478462277363505,Gaze duration,Middle
515,8,ru_9,ru,-0.10759939196702747,0.2176631246078452,Gaze duration,Last
516,8,sp_9,sp,0.03494149212923761,0.6896845650129788,Total fixation duration,First
517,8,sp_9,sp,-0.05774782954672978,0.5090964209662431,Total fixation duration,Middle
518,8,sp_9,sp,-0.09000622315626244,0.3028705313215505,Total fixation duration,Last
519,8,sp_9,sp,0.08835351608328826,0.31187113272775974,Gaze duration,First
520,8,sp_9,sp,-0.04236847206210914,0.6282280843783596,Gaze duration,Middle
521,8,sp_9,sp,-0.08209465318656206,0.34751938086541767,Gaze duration,Last
522,8,tr_52,tr,0.022936440834687797,0.7932801588566997,Total fixation duration,First
523,8,tr_52,tr,-0.04482973652299648,0.6083855890979107,Total fixation duration,Middle
524,8,tr_52,tr,-0.07000549627827317,0.4233024766390634,Total fixation duration,Last
525,8,tr_52,tr,0.09088115159150786,0.29817551195496433,Gaze duration,First
526,8,tr_52,tr,-0.03145503445059542,0.719279483508463,Gaze duration,Middle
527,8,tr_52,tr,-0.06166543606150135,0.4807361592211339,Gaze duration,Last
528,9,du_8,du,0.02108945527236382,0.8222083729040021,Total fixation duration,First
529,9,du_8,du,0.07859916195748282,0.40165471136705366,Total fixation duration,Middle
530,9,du_8,du,0.10773843847307117,0.24966383522794505,Total fixation duration,Last
531,9,du_8,du,-0.044858426283914586,0.6325444376319109,Gaze duration,First
532,9,du_8,du,0.0445239774805295,0.6350862623077824,Gaze duration,Middle
533,9,du_8,du,0.13035046005955742,0.16311488239627636,Gaze duration,Last
534,9,en_99,en,0.021481566908853268,0.8189587865714463,Total fixation duration,First
535,9,en_99,en,0.08559566370660823,0.3609334651949203,Total fixation duration,Middle
536,9,en_99,en,0.11992465305808633,0.1997467907323812,Total fixation duration,Last
537,9,en_99,en,-0.047537769576750086,0.6123377333317277,Gaze duration,First
538,9,en_99,en,0.06154615000192211,0.5116206702969137,Gaze duration,Middle
539,9,en_99,en,0.1494791066005459,0.10926274983288067,Gaze duration,Last
540,9,fi_9,fi,0.033560143005420366,0.7206126251693874,Total fixation duration,First
541,9,fi_9,fi,0.08283550532426094,0.3766830402521467,Total fixation duration,Middle
542,9,fi_9,fi,0.12645984699957713,0.17615100645509232,Total fixation duration,Last
543,9,fi_9,fi,-0.012651390941842736,0.8927783953493891,Gaze duration,First
544,9,fi_9,fi,0.06066978178187848,0.5176620848563704,Gaze duration,Middle
545,9,fi_9,fi,0.14967545011262443,0.1087926974512687,Gaze duration,Last
546,9,ge_9,ge,0.030115711375081695,0.7482738386792831,Total fixation duration,First
547,9,ge_9,ge,0.07763810402491063,0.4074532431945974,Total fixation duration,Middle
548,9,ge_9,ge,0.11934801829854305,0.20193319551676345,Total fixation duration,Last
549,9,ge_9,ge,-0.02433398685272748,0.7954152285881175,Gaze duration,First
550,9,ge_9,ge,0.06505208933994541,0.48782006597274397,Gaze duration,Middle
551,9,ge_9,ge,0.15327720755007113,0.10044705336983445,Gaze duration,Last
552,9,gr_9,gr,0.021481566908853268,0.8189587865714463,Total fixation duration,First
553,9,gr_9,gr,0.08559566370660823,0.3609334651949203,Total fixation duration,Middle
554,9,gr_9,gr,0.11992465305808633,0.1997467907323812,Total fixation duration,Last
555,9,gr_9,gr,-0.047537769576750086,0.6123377333317277,Gaze duration,First
556,9,gr_9,gr,0.06154615000192211,0.5116206702969137,Gaze duration,Middle
557,9,gr_9,gr,0.1494791066005459,0.10926274983288067,Gaze duration,Last
558,9,he_65,he,0.03635105524160996,0.6984593791649086,Total fixation duration,First
559,9,he_65,he,0.07807634644216353,0.40480302845403016,Total fixation duration,Middle
560,9,he_65,he,0.12374581939799331,0.18568824204776394,Total fixation duration,Last
561,9,he_65,he,-0.040864183292968904,0.6631731465186259,Gaze duration,First
562,9,he_65,he,0.04570022680967209,0.6261657005826786,Gaze duration,Middle
563,9,he_65,he,0.14510437089147732,0.12015234781783743,Gaze duration,Last
564,9,it_9,it,0.030115711375081695,0.7482738386792831,Total fixation duration,First
565,9,it_9,it,0.07763810402491063,0.4074532431945974,Total fixation duration,Middle
566,9,it_9,it,0.11934801829854305,0.20193319551676345,Total fixation duration,Last
567,9,it_9,it,-0.02433398685272748,0.7954152285881175,Gaze duration,First
568,9,it_9,it,0.06505208933994541,0.48782006597274397,Gaze duration,Middle
569,9,it_9,it,0.15327720755007113,0.10044705336983445,Gaze duration,Last
570,9,no_9,no,0.03627417060700419,0.6990663800717516,Total fixation duration,First
571,9,no_9,no,0.0694114481220928,0.4590684120256734,Total fixation duration,Middle
572,9,no_9,no,0.11227463191481182,0.2301636777931944,Total fixation duration,Last
573,9,no_9,no,-0.04210202591012186,0.6536184897655488,Gaze duration,First
574,9,no_9,no,0.04259408757159881,0.6498357650871196,Gaze duration,Middle
575,9,no_9,no,0.1428055203167647,0.12620123882973341,Gaze duration,Last
576,9,ru_9,ru,0.018552262330373277,0.8433055585393736,Total fixation duration,First
577,9,ru_9,ru,0.07969861223234537,0.39508148078140126,Total fixation duration,Middle
578,9,ru_9,ru,0.1120439780109945,0.2311286517580629,Total fixation duration,Last
579,9,ru_9,ru,-0.04744550801522316,0.6130288400937409,Gaze duration,First
580,9,ru_9,ru,0.051512705185868604,0.5828920633894423,Gaze duration,Middle
581,9,ru_9,ru,0.13899973090377887,0.13672609146631426,Gaze duration,Last
582,9,sp_8,sp,0.03635105524160996,0.6984593791649086,Total fixation duration,First
583,9,sp_8,sp,0.07807634644216353,0.40480302845403016,Total fixation duration,Middle
584,9,sp_8,sp,0.12374581939799331,0.18568824204776394,Total fixation duration,Last
585,9,sp_8,sp,-0.040864183292968904,0.6631731465186259,Gaze duration,First
586,9,sp_8,sp,0.04570022680967209,0.6261657005826786,Gaze duration,Middle
587,9,sp_8,sp,0.14510437089147732,0.12015234781783743,Gaze duration,Last
588,9,tr_52,tr,0.06200745780955677,0.5084552089545218,Total fixation duration,First
589,9,tr_52,tr,0.049452196978433866,0.5980747595414726,Total fixation duration,Middle
590,9,tr_52,tr,0.08434244416253413,0.3680331991722673,Total fixation duration,Last
591,9,tr_52,tr,-0.022135086303002347,0.8135496480128186,Gaze duration,First
592,9,tr_52,tr,0.018329296890016535,0.845165099139142,Gaze duration,Middle
593,9,tr_52,tr,0.12526813516318763,0.1802933893912929,Gaze duration,Last
594,10,du_8,du,0.1871496062992126,0.035870681976715106,Total fixation duration,First
595,10,du_8,du,-0.06926434195725535,0.4409038193784729,Total fixation duration,Middle
596,10,du_8,du,-0.17060967379077618,0.056129224619132945,Total fixation duration,Last
597,10,du_8,du,0.20847094113235845,0.019152041311538075,Gaze duration,First
598,10,du_8,du,-0.09250543682039745,0.30290051810215796,Gaze duration,Middle
599,10,du_8,du,-0.18856542932133485,0.03446789680579115,Gaze duration,Last
600,10,en_99,en,0.1871496062992126,0.035870681976715106,Total fixation duration,First
601,10,en_99,en,-0.06926434195725535,0.4409038193784729,Total fixation duration,Middle
602,10,en_99,en,-0.17060967379077618,0.056129224619132945,Total fixation duration,Last
603,10,en_99,en,0.20847094113235845,0.019152041311538075,Gaze duration,First
604,10,en_99,en,-0.09250543682039745,0.30290051810215796,Gaze duration,Middle
605,10,en_99,en,-0.18856542932133485,0.03446789680579115,Gaze duration,Last
606,10,fi_9,fi,0.22622272215973008,0.010860763629081088,Total fixation duration,First
607,10,fi_9,fi,-0.018492688413948258,0.8371590789462381,Total fixation duration,Middle
608,10,fi_9,fi,-0.1328623922009749,0.13804872353161138,Total fixation duration,Last
609,10,fi_9,fi,0.24576827896512943,0.0055384117938885105,Gaze duration,First
610,10,fi_9,fi,-0.04130783652043495,0.6460515636423345,Gaze duration,Middle
611,10,fi_9,fi,-0.14501687289088863,0.10519710972153774,Gaze duration,Last
612,10,ge_9,ge,0.22286914135733035,0.012127905380435358,Total fixation duration,First
613,10,ge_9,ge,-0.035314585676790404,0.6946318710876156,Total fixation duration,Middle
614,10,ge_9,ge,-0.1504461942257218,0.09266416286839958,Total fixation duration,Last
615,10,ge_9,ge,0.241490813648294,0.006446660460098029,Gaze duration,First
616,10,ge_9,ge,-0.03766029246344207,0.6754564152272484,Gaze duration,Middle
617,10,ge_9,ge,-0.1451968503937008,0.10476137476146802,Gaze duration,Last
618,10,gr_9,gr,0.20627521559805023,0.02048535072243835,Total fixation duration,First
619,10,gr_9,gr,-0.05255643044619423,0.5589047380126244,Total fixation duration,Middle
620,10,gr_9,gr,-0.1588151481064867,0.07569666864401542,Total fixation duration,Last
621,10,gr_9,gr,0.22489088863892018,0.011349361429492633,Gaze duration,First
622,10,gr_9,gr,-0.07250393700787403,0.41977813223444504,Gaze duration,Middle
623,10,gr_9,gr,-0.17392725909261345,0.05144566710676667,Gaze duration,Last
624,10,he_65,he,0.1871496062992126,0.035870681976715106,Total fixation duration,First
625,10,he_65,he,-0.06926434195725535,0.4409038193784729,Total fixation duration,Middle
626,10,he_65,he,-0.17060967379077618,0.056129224619132945,Total fixation duration,Last
627,10,he_65,he,0.20847094113235845,0.019152041311538075,Gaze duration,First
628,10,he_65,he,-0.09250543682039745,0.30290051810215796,Gaze duration,Middle
629,10,he_65,he,-0.18856542932133485,0.03446789680579115,Gaze duration,Last
630,10,it_9,it,0.20627521559805023,0.02048535072243835,Total fixation duration,First
631,10,it_9,it,-0.05255643044619423,0.5589047380126244,Total fixation duration,Middle
632,10,it_9,it,-0.1588151481064867,0.07569666864401542,Total fixation duration,Last
633,10,it_9,it,0.22489088863892018,0.011349361429492633,Gaze duration,First
634,10,it_9,it,-0.07250393700787403,0.41977813223444504,Gaze duration,Middle
635,10,it_9,it,-0.17392725909261345,0.05144566710676667,Gaze duration,Last
636,10,no_9,no,0.1871496062992126,0.035870681976715106,Total fixation duration,First
637,10,no_9,no,-0.06926434195725535,0.4409038193784729,Total fixation duration,Middle
638,10,no_9,no,-0.17060967379077618,0.056129224619132945,Total fixation duration,Last
639,10,no_9,no,0.20847094113235845,0.019152041311538075,Gaze duration,First
640,10,no_9,no,-0.09250543682039745,0.30290051810215796,Gaze duration,Middle
641,10,no_9,no,-0.18856542932133485,0.03446789680579115,Gaze duration,Last
642,10,ru_8,ru,0.1871496062992126,0.035870681976715106,Total fixation duration,First
643,10,ru_8,ru,-0.06926434195725535,0.4409038193784729,Total fixation duration,Middle
644,10,ru_8,ru,-0.17060967379077618,0.056129224619132945,Total fixation duration,Last
645,10,ru_8,ru,0.20847094113235845,0.019152041311538075,Gaze duration,First
646,10,ru_8,ru,-0.09250543682039745,0.30290051810215796,Gaze duration,Middle
647,10,ru_8,ru,-0.18856542932133485,0.03446789680579115,Gaze duration,Last
648,10,sp_8,sp,0.19854218222722164,0.02583686190686567,Total fixation duration,First
649,10,sp_8,sp,-0.0777352830896138,0.38693436060086284,Total fixation duration,Middle
650,10,sp_8,sp,-0.18809148856392952,0.03493222704592033,Total fixation duration,Last
651,10,sp_8,sp,0.2166122483875678,0.014841160179591407,Gaze duration,First
652,10,sp_8,sp,-0.08498550429031575,0.34406408659339727,Gaze duration,Middle
653,10,sp_8,sp,-0.18660395441184005,0.03642400029370365,Gaze duration,Last
654,10,tr_52,tr,0.21593733173977303,0.015163235508928,Total fixation duration,First
655,10,tr_52,tr,-0.09428135625260885,0.29367238653754874,Total fixation duration,Middle
656,10,tr_52,tr,-0.1854221003708128,0.037647126991598154,Total fixation duration,Last
657,10,tr_52,tr,0.18364332005018036,0.039552986099885605,Gaze duration,First
658,10,tr_52,tr,-0.09479129327538711,0.2910574219429913,Gaze duration,Middle
659,10,tr_52,tr,-0.1774340868904686,0.04685109220612922,Gaze duration,Last
660,11,du_8,du,0.017772067504687822,0.8472246893845323,Total fixation duration,First
661,11,du_8,du,-0.04809361761233418,0.6019301998632649,Total fixation duration,Middle
662,11,du_8,du,-0.038634627404680884,0.6752542892991428,Total fixation duration,Last
663,11,du_8,du,0.00816028890895201,0.9295132224951033,Gaze duration,First
664,11,du_8,du,-0.1318494339884714,0.15114597460340298,Gaze duration,Middle
665,11,du_8,du,-0.11061184804500311,0.22909092999027986,Gaze duration,Last
666,11,en_99,en,0.04237794291270226,0.6458215762114976,Total fixation duration,First
667,11,en_99,en,-0.06648378359608305,0.47062092102430386,Total fixation duration,Middle
668,11,en_99,en,-0.052246683797485934,0.5708973251360558,Total fixation duration,Last
669,11,en_99,en,0.026286547676922,0.7756518397619055,Gaze duration,First
670,11,en_99,en,-0.14407944996180289,0.11641636204484417,Gaze duration,Middle
671,11,en_99,en,-0.11946662962705741,0.19371983187261033,Gaze duration,Last
672,11,fi_9,fi,0.05155913605111466,0.575982599669594,Total fixation duration,First
673,11,fi_9,fi,-0.030877144246128196,0.7377897985786581,Total fixation duration,Middle
674,11,fi_9,fi,-0.04598930481283422,0.6179354195593154,Total fixation duration,Last
675,11,fi_9,fi,0.03633585665671227,0.693578620710102,Gaze duration,First
676,11,fi_9,fi,-0.07835266337940133,0.394971978625808,Gaze duration,Middle
677,11,fi_9,fi,-0.08408222793249531,0.361215181368157,Gaze duration,Last
678,11,ge_9,ge,0.04975345510104868,0.5894374030976428,Total fixation duration,First
679,11,ge_9,ge,-0.04098895756649767,0.656682106413776,Total fixation duration,Middle
680,11,ge_9,ge,-0.049121466768525586,0.5941801546324608,Total fixation duration,Last
681,11,ge_9,ge,0.028154732967567188,0.7601742583752915,Gaze duration,First
682,11,ge_9,ge,-0.10384748940898672,0.2590075232162555,Gaze duration,Middle
683,11,ge_9,ge,-0.09825682339051321,0.2856696389451005,Gaze duration,Last
684,11,gr_9,gr,0.04237794291270226,0.6458215762114976,Total fixation duration,First
685,11,gr_9,gr,-0.06648378359608305,0.47062092102430386,Total fixation duration,Middle
686,11,gr_9,gr,-0.052246683797485934,0.5708973251360558,Total fixation duration,Last
687,11,gr_9,gr,0.026286547676922,0.7756518397619055,Gaze duration,First
688,11,gr_9,gr,-0.14407944996180289,0.11641636204484417,Gaze duration,Middle
689,11,gr_9,gr,-0.11946662962705741,0.19371983187261033,Gaze duration,Last
690,11,he_65,he,0.04237794291270226,0.6458215762114976,Total fixation duration,First
691,11,he_65,he,-0.06648378359608305,0.47062092102430386,Total fixation duration,Middle
692,11,he_65,he,-0.052246683797485934,0.5708973251360558,Total fixation duration,Last
693,11,he_65,he,0.026286547676922,0.7756518397619055,Gaze duration,First
694,11,he_65,he,-0.14407944996180289,0.11641636204484417,Gaze duration,Middle
695,11,he_65,he,-0.11946662962705741,0.19371983187261033,Gaze duration,Last
696,11,it_9,it,0.058080422251545236,0.5286213611623826,Total fixation duration,First
697,11,it_9,it,-0.03650947982498784,0.6921882510102825,Total fixation duration,Middle
698,11,it_9,it,-0.0499409681227863,0.5880335359049773,Total fixation duration,Last
699,11,it_9,it,0.03855823321063962,0.6758602850048743,Gaze duration,First
700,11,it_9,it,-0.08751302173762066,0.341884675483592,Gaze duration,Middle
701,11,it_9,it,-0.09409681227863044,0.30665782995816837,Gaze duration,Last
702,11,no_9,no,0.017772067504687822,0.8472246893845323,Total fixation duration,First
703,11,no_9,no,-0.04809361761233418,0.6019301998632649,Total fixation duration,Middle
704,11,no_9,no,-0.038634627404680884,0.6752542892991428,Total fixation duration,Last
705,11,no_9,no,0.00816028890895201,0.9295132224951033,Gaze duration,First
706,11,no_9,no,-0.1318494339884714,0.15114597460340298,Gaze duration,Middle
707,11,no_9,no,-0.11061184804500311,0.22909092999027986,Gaze duration,Last
708,11,ru_9,ru,0.02877977637335926,0.7550166391529274,Total fixation duration,First
709,11,ru_9,ru,-0.056253906521286194,0.5416868337525862,Total fixation duration,Middle
710,11,ru_9,ru,-0.05247586637960969,0.5692069360971914,Total fixation duration,Last
711,11,ru_9,ru,0.016917841516771996,0.8544849640395837,Gaze duration,First
712,11,ru_9,ru,-0.13264810056253903,0.1486635307775853,Gaze duration,Middle
713,11,ru_9,ru,-0.1186124036391416,0.19694863892395156,Gaze duration,Last
714,11,sp_8,sp,0.042711299395791366,0.6432259927083819,Total fixation duration,First
715,11,sp_8,sp,-0.06514341273699562,0.4796333597581717,Total fixation duration,Middle
716,11,sp_8,sp,-0.0500937565108688,0.5868907736792874,Total fixation duration,Last
717,11,sp_8,sp,0.020515313563441905,0.823998520763629,Gaze duration,First
718,11,sp_8,sp,-0.14761441766789357,0.10763018285597326,Gaze duration,Middle
719,11,sp_8,sp,-0.11743871102159871,0.2014481525996571,Gaze duration,Last
720,11,tr_39,tr,0.06349757534834098,0.49082563342102803,Total fixation duration,First
721,11,tr_39,tr,-0.0762241756792865,0.40797699561292156,Total fixation duration,Middle
722,11,tr_39,tr,-0.06287947579611497,0.4950644334537223,Total fixation duration,Last
723,11,tr_39,tr,0.0530142822917367,0.565245034625959,Gaze duration,First
724,11,tr_39,tr,-0.13606200452198333,0.13839778664318547,Gaze duration,Middle
725,11,tr_39,tr,-0.11871698978122056,0.19655124713591782,Gaze duration,Last
726,12,du_8,du,-0.025120586961430685,0.7618427995716804,Total fixation duration,First
727,12,du_8,du,0.02928143867741184,0.7238789548945788,Total fixation duration,Middle
728,12,du_8,du,0.020567341756219992,0.8040437126927791,Total fixation duration,Last
729,12,du_8,du,-0.03702195552627001,0.6550729900221788,Gaze duration,First
730,12,du_8,du,0.02387677363708045,0.773307201520445,Gaze duration,Middle
731,12,du_8,du,0.023776824352088017,0.7742306133404155,Gaze duration,Last
732,12,en_99,en,-0.019956540570155144,0.80975102589343,Total fixation duration,First
733,12,en_99,en,0.010490973098835038,0.8992969511821906,Total fixation duration,Middle
734,12,en_99,en,-0.0007810851530889884,0.9924826483899707,Total fixation duration,Last
735,12,en_99,en,-0.017829858395801618,0.8296990834057066,Gaze duration,First
736,12,en_99,en,-0.004538442103862303,0.9563418838155275,Gaze duration,Middle
737,12,en_99,en,-0.007294453642463841,0.92988494457225,Gaze duration,Last
738,12,fi_9,fi,0.00951369120113128,0.9086351196696971,Total fixation duration,First
739,12,fi_9,fi,-0.021448376194301413,0.7958295984176413,Total fixation duration,Middle
740,12,fi_9,fi,-0.02705664162998775,0.7441012287599311,Total fixation duration,Last
741,12,fi_9,fi,0.0077738404715422815,0.9252899675044861,Gaze duration,First
742,12,fi_9,fi,-0.027972869296766314,0.7357511109065185,Gaze duration,Middle
743,12,fi_9,fi,-0.02704185935457922,0.7442361956588759,Gaze duration,Last
744,12,ge_9,ge,-0.005971044321955156,0.9425815267004665,Total fixation duration,First
745,12,ge_9,ge,-0.002465415696479935,0.976275359174495,Total fixation duration,Middle
746,12,ge_9,ge,-0.012167899991485804,0.8833063083377375,Total fixation duration,Last
747,12,ge_9,ge,-0.003350151959931443,0.9677655417456201,Gaze duration,First
748,12,ge_9,ge,-0.010650151589748906,0.8977772330581955,Gaze duration,Middle
749,12,ge_9,ge,-0.009813539056108567,0.9057686105336576,Gaze duration,Last
750,12,gr_75,gr,-0.019956540570155144,0.80975102589343,Total fixation duration,First
751,12,gr_75,gr,0.010490973098835038,0.8992969511821906,Total fixation duration,Middle
752,12,gr_75,gr,-0.0007810851530889884,0.9924826483899707,Total fixation duration,Last
753,12,gr_75,gr,-0.017829858395801618,0.8296990834057066,Gaze duration,First
754,12,gr_75,gr,-0.004538442103862303,0.9563418838155275,Gaze duration,Middle
755,12,gr_75,gr,-0.007294453642463841,0.92988494457225,Gaze duration,Last
756,12,he_65,he,-0.02258113475754895,0.7853015274518762,Total fixation duration,First
757,12,he_65,he,0.02392119554152153,0.7728968980946214,Total fixation duration,Middle
758,12,he_65,he,0.018845992959128147,0.8201534546386776,Total fixation duration,Last
759,12,he_65,he,-0.03251871505822056,0.6947946669307621,Gaze duration,First
760,12,he_65,he,0.02019902882522403,0.8074840040647888,Gaze duration,Middle
761,12,he_65,he,0.021276261004852033,0.7974325450066192,Gaze duration,Last
762,12,it_9,it,-0.0023987872797682284,0.9769163434275385,Total fixation duration,First
763,12,it_9,it,-0.022838453892793344,0.7829152881802178,Total fixation duration,Middle
764,12,it_9,it,-0.0266439374168701,0.7478722593562719,Total fixation duration,Last
765,12,it_9,it,0.00812550668734753,0.9219207660690382,Gaze duration,First
766,12,it_9,it,-0.02340293998970893,0.7776876516886512,Gaze duration,Middle
767,12,it_9,it,-0.022462676345706072,0.7864007201017698,Gaze duration,Last
768,12,no_9,no,-0.019956540570155144,0.80975102589343,Total fixation duration,First
769,12,no_9,no,0.010490973098835038,0.8992969511821906,Total fixation duration,Middle
770,12,no_9,no,-0.0007810851530889884,0.9924826483899707,Total fixation duration,Last
771,12,no_9,no,-0.017829858395801618,0.8296990834057066,Gaze duration,First
772,12,no_9,no,-0.004538442103862303,0.9563418838155275,Gaze duration,Middle
773,12,no_9,no,-0.007294453642463841,0.92988494457225,Gaze duration,Last
774,12,ru_8,ru,-0.038589749996827,0.6414606633029951,Total fixation duration,First
775,12,ru_8,ru,0.020439666613025115,0.805235862999104,Total fixation duration,Middle
776,12,ru_8,ru,0.009987543334590555,0.904105705263903,Total fixation duration,Last
777,12,ru_8,ru,-0.031846833131751545,0.7007961907000607,Gaze duration,First
778,12,ru_8,ru,0.014061396681501599,0.8653072536344901,Gaze duration,Middle
779,12,ru_8,ru,0.012025390843716715,0.8846634950866485,Gaze duration,Last
780,12,sp_63,sp,-0.02273290959772264,0.7838938061113179,Total fixation duration,First
781,12,sp_63,sp,0.03113605318782692,0.7071653406603604,Total fixation duration,Middle
782,12,sp_63,sp,0.021818558731310413,0.7923849031718313,Total fixation duration,Last
783,12,sp_63,sp,-0.032515013229424586,0.6948276817784127,Gaze duration,First
784,12,sp_63,sp,0.026146016785953873,0.7524298959694545,Gaze duration,Middle
785,12,sp_63,sp,0.025455625715505,0.7587634078867722,Gaze duration,Last
786,12,tr_52,tr,-0.04081632653061225,0.6223326036019259,Total fixation duration,First
787,12,tr_52,tr,0.02799690527399061,0.7355324674774213,Total fixation duration,Middle
788,12,tr_52,tr,0.02273661142309273,0.783859480166703,Total fixation duration,Last
789,12,tr_52,tr,-0.0671660438335104,0.41730915101558663,Gaze duration,First
790,12,tr_52,tr,0.043565012503012965,0.5990638664196863,Gaze duration,Middle
791,12,tr_52,tr,0.0501968449284833,0.5445975884782779,Gaze duration,Last
